#model	kv_type	depth	ctx_tokens	recall	trials	probe_version
llama32-3b	q4_0	0.10	17693	1	1	1
llama32-3b	q4_0	0.20	17747	1	1	1
llama32-3b	q4_0	0.30	17719	1	1	1
llama32-3b	q4_0	0.40	17770	1	1	1
llama32-3b	q4_0	0.50	17710	1	1	1
llama32-3b	q4_0	0.60	17690	1	1	1
llama32-3b	q4_0	0.70	17769	1	1	1
llama32-3b	q4_0	0.80	17682	1	1	1
llama32-3b	q4_0	0.90	17719	1	1	1
llama32-3b	q8_0	0.10	17708	1	1	1
llama32-3b	q8_0	0.20	17687	1	1	1
llama32-3b	q8_0	0.30	17699	1	1	1
llama32-3b	q8_0	0.40	17675	1	1	1
llama32-3b	q8_0	0.50	17719	1	1	1
llama32-3b	q8_0	0.60	17756	1	1	1
llama32-3b	q8_0	0.70	17738	1	1	1
llama32-3b	q8_0	0.80	17687	1	1	1
llama32-3b	q8_0	0.90	17737	1	1	1
